epoch,train_loss,train_rmse,train_mae,train_r2,train_mape,valid_loss,valid_rmse,valid_mae,valid_r2,valid_mape,train_time,model_size_MB
1,357.59275189848944,18.91012304228914,14.662182649722867,0.168681715419571,32.6637,321.58835118253467,17.93288461884227,13.883845503901092,0.27941670716016276,31.923544,71.55174422264099,95.15349197387695
2,288.7509576979564,16.992673639289563,13.019505270956454,0.32873596083376955,28.811424,314.83794306365536,17.743673440045985,13.677586179384043,0.2945432556155063,31.157011,101.6046404838562,95.15349197387695
3,262.4962025912528,16.201734532172736,12.349384333232946,0.38976398552713265,26.957571,323.4260137853488,17.984048906595643,13.828414325982752,0.2752969461162218,31.34807,237.68714332580566,95.15349197387695
4,241.0692051512908,15.52640345180962,11.777464406964178,0.43957501901409934,25.328196,334.55682480503134,18.290894628459785,14.076637200906243,0.25035172260402594,31.692102,194.5962347984314,95.15349197387695
5,226.03003557709647,15.034295316001145,11.396507985528459,0.4745257353038582,24.187998,342.60616463674626,18.509623544985896,14.227554683953944,0.23231145776821838,31.611628,185.6881866455078,95.15349197387695
