epoch,train_loss,train_rmse,train_mae,train_r2,train_mape,valid_loss,valid_rmse,valid_mae,valid_r2,valid_mape,train_time,model_size_MB
1,352.9939270974698,18.788132599386458,14.548899769969577,0.17937372014614095,32.63255,321.3959011024153,17.927517925058396,13.840449789880028,0.27985189110709463,31.984428,53.350523948669434,95.24609756469727
2,288.9493049299213,16.99850887503826,13.028354022424546,0.3282734299525084,28.905186,317.62816028863614,17.822125715433376,13.711370253227127,0.288290398620355,31.293795,77.1468780040741,95.24609756469727
3,262.414611219427,16.199216345015667,12.349411413703166,0.3899491157193421,26.978897,324.1711230210855,18.00475266444731,13.806082121083435,0.27362002581476585,31.145885,166.12793898582458,95.24609756469727
4,241.71199436814572,15.54708958484446,11.796456835452753,0.43807704569786055,25.442987,333.41752710476726,18.259724220512066,14.020308978121045,0.25290279960277595,31.379847,157.19562196731567,95.24609756469727
5,227.0546166027469,15.068331613210269,11.415260270167964,0.4721520003498395,24.345217,338.2339741881465,18.39113839310345,14.10291694587385,0.24211100286606946,31.40372,153.9651482105255,95.24609756469727
